{"cameraMode":{"drawMode":0,"name":"Shaded","section":"Shading Mode"},"sceneLighting":false,"audioPlay":false,"sceneViewState":{"showFog":true,"showMaterialUpdate":true,"showSkybox":true,"showFlares":true,"showImageEffects":true,"showParticleSystems":true,"showVisualEffectGraphs":true,"m_FxEnabled":false},"in2DMode":false,"pivot":{"x":4.887836933135986,"y":0.25860482454299929,"z":-0.0947350263595581},"rotation":{"x":-0.12491030246019364,"y":-0.870951771736145,"z":0.37834876775741579,"w":-0.28755807876586916},"size":2.7247447967529299,"orthographic":false}